item,source_url
01-performance,https://www.instagram.com/p/DdMvmt2MKAc/
01-timetable,https://www.instagram.com/p/Dd12g5oNWCY/
01-lost,https://www.instagram.com/p/DdGnJS8jn0G/
02-performance,https://www.instagram.com/p/DdMvmt2MKAc/
02-timetable,https://www.instagram.com/p/Dd12g5oNWCY/
02-lost,https://www.instagram.com/p/DdGnJS8jn0G/
03-performance,https://www.instagram.com/p/DdMvmt2MKAc/
03-timetable,https://www.instagram.com/p/Dd12g5oNWCY/
03-lost,https://www.instagram.com/p/DdGnJS8jn0G/
04-performance,https://www.instagram.com/p/DdMvmt2MKAc/
04-timetable,https://www.instagram.com/p/Dd12g5oNWCY/
04-lost,https://www.instagram.com/p/DdGnJS8jn0G/
05-performance,https://www.instagram.com/p/DdMvmt2MKAc/
05-timetable,https://www.instagram.com/p/Dd12g5oNWCY/
05-lost,https://www.instagram.com/p/DdGnJS8jn0G/
06-performance,https://www.instagram.com/p/DdMvmt2MKAc/
06-timetable,https://www.instagram.com/p/Dd12g5oNWCY/
06-lost,https://www.instagram.com/p/DdGnJS8jn0G/
07-performance,https://www.instagram.com/p/DdMvmt2MKAc/
07-timetable,https://www.instagram.com/p/Dd12g5oNWCY/
07-lost,https://www.instagram.com/p/DdGnJS8jn0G/
08-performance,https://www.instagram.com/p/DdMvmt2MKAc/
08-timetable,https://www.instagram.com/p/Dd12g5oNWCY/
08-lost,https://www.instagram.com/p/DdGnJS8jn0G/
09-performance,https://www.instagram.com/p/DdMvmt2MKAc/
09-timetable,https://www.instagram.com/p/Dd12g5oNWCY/
09-lost,https://www.instagram.com/p/DdGnJS8jn0G/
